{"accuracy": 0.7666666666666667, "precision": 0.8214285714285714, "recall": 0.71875, "f1": 0.7666666666666666, "roc_auc": 0.7700892857142856}