{"accuracy": 0.7666666666666667, "precision": 0.7142857142857143, "recall": 0.7692307692307693, "f1": 0.7407407407407408, "roc_auc": 0.7669683257918551}